type,name,notice,furigana
廃プラスチック類,IHクッキングヒーター,,あ
布類・蛍光管・乾電池・食用油,ＩＣレコーダー,,あ
金属類・ガラス類・その他,アイスピック,先端部を紙で包み「危険」と表示して他のごみと分ける,あ
金属類・ガラス類・その他,アイロン,,あ
金属類・ガラス類・その他,アイロン台（７０㎝超）,,あ
金属類・ガラス類・その他,アコーディオンカーテン（７０㎝以下）,,あ
金属類・ガラス類・その他,足こぎ四輪車（幼児用）（金属製または電動製）,,あ
金属類・ガラス類・その他,アダプター（各種電気製品用）,,あ
金属類・ガラス類・その他,雨どい,,あ
金属類・ガラス類・その他,編み機,,あ
金属類・ガラス類・その他,網戸（金属以外）,増改築に伴うものは請け負った業者に処分してもらう,あ
金属類・ガラス類・その他,網戸（金属製）,増改築に伴うものは請け負った業者に処分してもらう,あ
金属類・ガラス類・その他,アルミサッシ,増改築に伴うものは請け負った業者に処分してもらう,あ
金属類・ガラス類・その他,アルミホイール（自動車用）,タイヤは市で収集しません,あ
金属類・ガラス類・その他,泡立て器（電動式・手動式）,,あ
金属類・ガラス類・その他,安全ピン（金属製）,,あ
金属類・ガラス類・その他,アンテナ（テレビ・BS・CSなど）,,あ
金属類・ガラス類・その他,アンプ,,あ
金属類・ガラス類・その他,ＥＴＣ車載ユニット,,い
金属類・ガラス類・その他,衣装掛け（金属製）,,い
金属類・ガラス類・その他,衣装ケース（金属製）,,い
金属類・ガラス類・その他,いす（金属製）,,い
金属類・ガラス類・その他,板ガラス,,い
金属類・ガラス類・その他,板きれ（７０㎝超）,増改築に伴うものは請け負った業者に処分してもらう,い
金属類・ガラス類・その他,一輪車,「不用品」と必ず表示,い
金属類・ガラス類・その他,衣類乾燥機台,,い
金属類・ガラス類・その他,インテリアライト（「金属以外、７０㎝超」以外）,電球等は外す,い
金属類・ガラス類・その他,ウインドファン（７０㎝以下）,窓用エアコンではありません,う
金属類・ガラス類・その他,植木台（金属以外・７０㎝超）,,う
金属類・ガラス類・その他,植木台（金属製）,,う
金属類・ガラス類・その他,植木鉢（陶器製）,,う
金属類・ガラス類・その他,ウォーキングマシン（「金属以外、７０㎝超」以外）,,う
金属類・ガラス類・その他,ウォシュレット,増改築に伴うものは請け負った業者に処分してもらう,う
金属類・ガラス類・その他,浮き輪（７０㎝超）,空気を抜いて,う
金属類・ガラス類・その他,臼,,う
金属類・ガラス類・その他,乳母車（７０㎝以下）,全体の８０％以上金属のものは、埋立ごみの日の金属へ,う
金属類・ガラス類・その他,梅酒（自家製）のびん,,う
金属類・ガラス類・その他,運搬用一輪車,,う
金属類・ガラス類・その他,ＡＣアダプタ,,え
金属類・ガラス類・その他,ＭＤプレーヤー,,え
金属類・ガラス類・その他,枝きれ（７０㎝超）,ひもでしばって束ねて１回３束程度を目安に・多い場合は有料戸別収集で,え
金属類・ガラス類・その他,ＬＥＤ蛍光灯・ＬＥＤ電球,※LEDには、水銀は使用されていません,え
金属類・ガラス類・その他,塩化ビニル管,,え
金属類・ガラス類・その他,縁台（金属以外・７０㎝超）,,え
金属類・ガラス類・その他,縁台（金属製）,,え
金属類・ガラス類・その他,延長コード,,え
金属類・ガラス類・その他,煙突（ストーブ用、金属製）,,え
金属類・ガラス類・その他,鉛筆削り（電動製）,,え
金属類・ガラス類・その他,オイル缶,中身が残っているものは市で収集しませんので専門業者に処分を依頼してください,お
金属類・ガラス類・その他,オイルヒーター,中のオイルが残っていても、けっこうです,お
金属類・ガラス類・その他,オーディオラック（金属以外、７０㎝以下）,,お
金属類・ガラス類・その他,オーディオラック（金属製）,,お
金属類・ガラス類・その他,オーブン,,お
金属類・ガラス類・その他,オーブントースター,,お
金属類・ガラス類・その他,オーブンレンジ,,お
金属類・ガラス類・その他,お菓子の缶（２５㎝以上）,,お
金属類・ガラス類・その他,桶（金属以外・７０㎝超）,,お
金属類・ガラス類・その他,桶（金属製）,,お
金属類・ガラス類・その他,押しピン（頭がプラスチックのもの）,封筒などにいれて、｢危険｣と書く　　,お
金属類・ガラス類・その他,おもちゃ（金属製または電動製）,,お
金属類・ガラス類・その他,折りたたみいす（金属製）,,お
金属類・ガラス類・その他,折りたたみテーブル（金属製）,,お
金属類・ガラス類・その他,オルガン（７０㎝以下）,,お
金属類・ガラス類・その他,オルゴール,全体の８０％以上金属のものは、埋立ごみの日の金属へ,お
金属類・ガラス類・その他,温水洗浄機付便座,増改築に伴うものは請け負った業者に処分してもらう,お
金属類・ガラス類・その他,温度計（水銀を含まない）,,お
金属類・ガラス類・その他,温風機,,お
金属類・ガラス類・その他,温冷庫,,お
金属類・ガラス類・その他,カーカラーテレビ,,か
金属類・ガラス類・その他,カーＣＤプレーヤー,,か
金属類・ガラス類・その他,カーステレオ,,か
金属類・ガラス類・その他,カーテン（７０㎝超）,広げたときに７０㎝を超えているものは、埋立ごみ,か
金属類・ガラス類・その他,カーテンレール（金属製）,,か
金属類・ガラス類・その他,カーナビゲーションシステム,,か
金属類・ガラス類・その他,カーラジオ,,か
金属類・ガラス類・その他,貝殻（食べ残し以外、置物等）,,か
金属類・ガラス類・その他,懐中電灯,電池はとる,か
金属類・ガラス類・その他,回転ハンガー（金属製）,,か
金属類・ガラス類・その他,カイロ（懐炉）,全体の８０％以上金属のものは、埋立ごみの日の金属へ,か
金属類・ガラス類・その他,鏡（７０㎝以下）,,か
金属類・ガラス類・その他,学習机（金属製）,,か
金属類・ガラス類・その他,家具調こたつ（７０㎝以下）,,か
金属類・ガラス類・その他,額縁（金属以外）,はめ込み板がプラスチック製であれば、燃やせるごみ,か
金属類・ガラス類・その他,額縁（金属製）,,か
金属類・ガラス類・その他,傘,,か
金属類・ガラス類・その他,傘立て（陶器製）,,か
金属類・ガラス類・その他,傘立て（金属製）,,か
金属類・ガラス類・その他,傘のほね（金属製）,,か
金属類・ガラス類・その他,加湿器,,か
金属類・ガラス類・その他,ガスオーブン・ガスオーブンレンジ,,か
金属類・ガラス類・その他,ガス釜,,か
金属類・ガラス類・その他,ガスコンロ,,か
金属類・ガラス類・その他,ガスストーブ,,か
金属類・ガラス類・その他,ガス台（７０㎝以下・金属以外）,,か
金属類・ガラス類・その他,ガス台（７０㎝以下・金属製）,,か
金属類・ガラス類・その他,ガステーブル,,か
金属類・ガラス類・その他,ガスレンジ,電池はとる,か
金属類・ガラス類・その他,カセットコンロ,ボンベは外す,か
金属類・ガラス類・その他,カセットデッキ,,か
金属類・ガラス類・その他,カッターナイフ,刃を紙で包み「危険」と表示して他のごみと分ける,か
金属類・ガラス類・その他,家庭用焼却炉（金属以外、７０㎝以下）,,か
金属類・ガラス類・その他,家庭用焼却炉（金属製）,,か
金属類・ガラス類・その他,金網（バーベキュー用）,,か
金属類・ガラス類・その他,かなづち,全体の８０％以上金属のものは、埋立ごみの日の金属へ,か
金属類・ガラス類・その他,かばん（アタッシュケース）（金属製）,,か
金属類・ガラス類・その他,花瓶,,か
金属類・ガラス類・その他,鎌,刃を紙で包み「危険」と表示して他のごみと分ける,か
金属類・ガラス類・その他,カミソリ（金属以外）,刃を紙で包み「危険」と表示して他のごみと分ける,か
金属類・ガラス類・その他,カミソリ（金属製）,刃を紙で包み「危険」と表示して他のごみと分ける,か
金属類・ガラス類・その他,神棚（７０㎝超）,,か
金属類・ガラス類・その他,カメラ,,か
金属類・ガラス類・その他,カラオケ演奏装置（７０㎝以下）,,か
金属類・ガラス類・その他,ガラス製品,,か
金属類・ガラス類・その他,軽石,,か
金属類・ガラス類・その他,皮むき器(金属製）,,か
金属類・ガラス類・その他,瓦,増改築に伴うものは請け負った業者に処分してもらう,か
金属類・ガラス類・その他,缶（一斗缶）,,か
金属類・ガラス類・その他,缶（２５㎝以上）,,か
金属類・ガラス類・その他,缶（オイル）,中身が残っているものは市で収集しませんので専門業者に処分を依頼してください,か
金属類・ガラス類・その他,缶（菓子缶：ミルク缶など、２５㎝以上）,,か
金属類・ガラス類・その他,換気扇,,か
金属類・ガラス類・その他,缶切り,,か
金属類・ガラス類・その他,乾燥機（家庭用・食器）,,か
金属類・ガラス類・その他,乾燥機（家庭用・食器洗い）,,か
金属類・ガラス類・その他,乾燥機（家庭用・布団）,,か
金属類・ガラス類・その他,かんな,,か
金属類・ガラス類・その他,キーボード（楽器、７０㎝以下）,,き
金属類・ガラス類・その他,キーボード（パソコン用）,,き
金属類・ガラス類・その他,ギターケース（７０㎝超）,,き
金属類・ガラス類・その他,キックボード,全体の８０％以上金属のものは、埋立ごみの日の金属へ,き
金属類・ガラス類・その他,キッチン収納棚（金属以外、７０㎝以下）,,き
金属類・ガラス類・その他,キッチン収納棚（金属製）,,き
金属類・ガラス類・その他,杵,,き
金属類・ガラス類・その他,脚立（金属以外）,,き
金属類・ガラス類・その他,脚立（金属製）,,き
金属類・ガラス類・その他,キャスターハンガー（金属以外、７０㎝以下）,,き
金属類・ガラス類・その他,キャスターハンガー（金属製）,,き
金属類・ガラス類・その他,キャビネット（金属以外、７０㎝以下）,,き
金属類・ガラス類・その他,キャビネット（金属製）,,き
金属類・ガラス類・その他,キャリアー（車用、金属以外）,７０㎝を超えるルーフボックスは有料粗大ごみ,き
金属類・ガラス類・その他,キャリアー（車用、金属製）,,き
金属類・ガラス類・その他,急須,,き
金属類・ガラス類・その他,給湯器,電池はとる,き
金属類・ガラス類・その他,鏡台（７０㎝以下）,,き
金属類・ガラス類・その他,きり,先端部を紙で包み「危険」と表示して他のごみと分ける,き
金属類・ガラス類・その他,金庫（耐火）,おおむね５５㎏以上のものは市では収集できません　,き
金属類・ガラス類・その他,金庫（手提げ）,,き
金属類・ガラス類・その他,空気入れ（金属製）,,く
金属類・ガラス類・その他,空気清浄機,,く
金属類・ガラス類・その他,釘,紙で包み「危険」と表示,く
金属類・ガラス類・その他,草刈り機（手動式）,,く
金属類・ガラス類・その他,鎖（金属製）,,く
金属類・ガラス類・その他,串(金属製）,紙で包み「危険」と表示,く
金属類・ガラス類・その他,口紅の容器（金属製）,,く
金属類・ガラス類・その他,くつ（スキーブーツ・スケート靴）,,く
金属類・ガラス類・その他,くつのスパイク（金属製）,,く
金属類・ガラス類・その他,クッキングヒーター,,く
金属類・ガラス類・その他,クッション（７０㎝超）,,く
金属類・ガラス類・その他,グランドゴルフスティック,,く
金属類・ガラス類・その他,グリル鍋（金属以外）,,く
金属類・ガラス類・その他,グリル鍋（金属製）,,く
金属類・ガラス類・その他,車(幼児用）（金属製または電動製）,電池で動くものは、電池をとる。,く
金属類・ガラス類・その他,車(幼児用）（「金属製または電動製」以外・７０㎝超),,く
金属類・ガラス類・その他,車椅子（折りたたみ式・電動式）,電動式はバッテリーを外す,く
金属類・ガラス類・その他,グローランプ,,く
金属類・ガラス類・その他,くわ（鍬）,,く
金属類・ガラス類・その他,蛍光灯（本体）,,け
金属類・ガラス類・その他,携帯電話,販売店に引き取りを依頼してください,け
金属類・ガラス類・その他,ゲートボールスティック,,け
金属類・ガラス類・その他,ケーブル,,け
金属類・ガラス類・その他,ケーブルテレビ用セットトップボックス,レンタルの場合は、借りたお店に返却してください,け
金属類・ガラス類・その他,ゲーム機（ＴＶゲーム・ポケットゲーム）,,け
金属類・ガラス類・その他,ゲーム用コントローラー,,け
金属類・ガラス類・その他,化粧品のガラスびん,,け
金属類・ガラス類・その他,化粧容器（金属製）,,け
金属類・ガラス類・その他,げた箱（金属製）,増改築に伴うものは請け負った業者に処分してもらう,け
金属類・ガラス類・その他,血圧計（デジタル式）,電池はとる,け
金属類・ガラス類・その他,健康増進器具（金属以外）,プラスチック製、ゴム製のものは燃やせるごみ、電動のものは埋立ごみの日の金属へ,け
金属類・ガラス類・その他,健康増進器具（金属製）,,け
金属類・ガラス類・その他,剣道用具（竹刀、７０㎝超）,,け
金属類・ガラス類・その他,剣道用具（面）,,け
金属類・ガラス類・その他,碁石,,こ
金属類・ガラス類・その他,公衆用ＰＨＳ端末,,こ
金属類・ガラス類・その他,コード,,こ
金属類・ガラス類・その他,コートハンガー（金属製）,,こ
金属類・ガラス類・その他,コーヒーメーカー,,こ
金属類・ガラス類・その他,こたつ（７０㎝以下）,,こ
金属類・ガラス類・その他,コップ（ガラス製）,,こ
金属類・ガラス類・その他,琴,,こ
金属類・ガラス類・その他,粉々のびん,,こ
金属類・ガラス類・その他,碁盤（厚さ１０㎝以上）,,こ
金属類・ガラス類・その他,コピー機（家庭用）,,こ
金属類・ガラス類・その他,ごみ箱(金属製）,,こ
金属類・ガラス類・その他,ゴムホース（７０㎝超）,伸ばしたときに７０㎝を超えているものは、埋立ごみ,こ
金属類・ガラス類・その他,ゴムボート,空気を抜いて,こ
金属類・ガラス類・その他,米びつ（金属製）,,こ
金属類・ガラス類・その他,コルクボード（７０㎝超）,,こ
金属類・ガラス類・その他,ゴルフクラブ,カーボン製は埋立ごみ,こ
金属類・ガラス類・その他,ゴルフバック,,こ
金属類・ガラス類・その他,コンパクト,,こ
金属類・ガラス類・その他,コンポスト容器（７０㎝超）,,こ
金属類・ガラス類・その他,コンロ（バーベキュー用）,,こ
金属類・ガラス類・その他,サイクリングマシン（「金属以外、７０㎝超」以外）,,さ
金属類・ガラス類・その他,座いす（金属以外、７０㎝以下）,,さ
金属類・ガラス類・その他,座いす（金属製）,,さ
金属類・ガラス類・その他,サイドボード（７０㎝以下）,,さ
金属類・ガラス類・その他,裁縫箱（金属製）,,さ
金属類・ガラス類・その他,さしこ（竹製鳥かご、７０㎝超）,,さ
金属類・ガラス類・その他,サッシ（金属以外）,増改築に伴うものは請け負った業者に処分してもらう,さ
金属類・ガラス類・その他,サッシ（金属製）,増改築に伴うものは請け負った業者に処分してもらう　　,さ
金属類・ガラス類・その他,座ぶとん（７０㎝超）,,さ
金属類・ガラス類・その他,皿,,さ
金属類・ガラス類・その他,三角コーナー（金属製）,,さ
金属類・ガラス類・その他,三脚（カメラ、ビデオ）（金属以外）,,さ
金属類・ガラス類・その他,三脚（カメラ、ビデオ）（金属製）,,さ
金属類・ガラス類・その他,サングラス,レンズがプラスチック製のものは、燃やせるごみ,さ
金属類・ガラス類・その他,さんご,,さ
金属類・ガラス類・その他,三輪車,「不用品」と必ず表示,さ
金属類・ガラス類・その他,CSデジタルアンテナ,,し
金属類・ガラス類・その他,CSデジタルチューナー,,し
金属類・ガラス類・その他,ＣＤプレーヤー,,し
金属類・ガラス類・その他,ＣＤラジカセ,,し
金属類・ガラス類・その他,シーツ（７０㎝超）,１辺７０ｃｍ以下に裁断すれば、燃やせるごみ,し
金属類・ガラス類・その他,シート（車）,,し
金属類・ガラス類・その他,磁気マットレス（７０㎝以下）,広げたときに７０㎝を超えているものは、有料粗大ごみ,し
金属類・ガラス類・その他,磁石,,し
金属類・ガラス類・その他,七輪,,し
金属類・ガラス類・その他,自転車,「不用品」と必ず表示,し
金属類・ガラス類・その他,自転車（電動アシスト付き）,「不用品」と必ず表示・バッテリーは、リサイクル協力店へ,し
金属類・ガラス類・その他,自動車カバー（７０㎝超）,１辺７０ｃｍ以下に裁断すれば、燃やせるごみ,し
金属類・ガラス類・その他,竹刀（７０㎝超）,,し
金属類・ガラス類・その他,蛇口,,し
金属類・ガラス類・その他,ジャッキ,,し
金属類・ガラス類・その他,ジャングルジム（子ども用遊具）,パイプがプラスチック製または紙製でかつ７０㎝以下ものは燃やせるごみ,し
金属類・ガラス類・その他,シャンデリア（７０㎝以下）,電球は外す,し
金属類・ガラス類・その他,シャンプードレッサー（７０㎝以下）,,し
金属類・ガラス類・その他,ジューサー,,し
金属類・ガラス類・その他,シューズボックス（金属製）,増改築に伴うものは請け負った業者に処分してもらう,し
金属類・ガラス類・その他,収納ケース・箱・ボックス（金属製）,,し
金属類・ガラス類・その他,収納棚（金属製）,,し
金属類・ガラス類・その他,将棋盤（厚さ１0㎝以上）,,し
金属類・ガラス類・その他,障子（金属製）,増改築に伴うものは請け負った業者に処分してもらう,し
金属類・ガラス類・その他,浄水器,,し
金属類・ガラス類・その他,照明器具（「金属以外、７０㎝超」以外）,電球は外す,し
金属類・ガラス類・その他,照明器具のかさ（ガラス製）,,し
金属類・ガラス類・その他,照明器具のかさ（金属製）,,し
金属類・ガラス類・その他,じょうろ(金属製）,,し
金属類・ガラス類・その他,書棚（金属製）,,し
金属類・ガラス類・その他,食器（ガラス製・陶磁器製）,,し
金属類・ガラス類・その他,食器（金属製）,,し
金属類・ガラス類・その他,食器洗い乾燥機,,し
金属類・ガラス類・その他,食器洗い器,,し
金属類・ガラス類・その他,食器乾燥機,,し
金属類・ガラス類・その他,食器棚（７０㎝以下）,,し
金属類・ガラス類・その他,ショッピングカート(金属製）,,し
金属類・ガラス類・その他,書類用バインダーの金具,,し
金属類・ガラス類・その他,シルバーカー,「不用品」と必ず表示,し
金属類・ガラス類・その他,人工芝（７０㎝超）,,し
金属類・ガラス類・その他,水槽（７０㎝以下）,,す
金属類・ガラス類・その他,水中めがね,レンズがプラスチック製のものは、燃やせるごみ,す
金属類・ガラス類・その他,水筒（金属製）,,す
金属類・ガラス類・その他,炊飯器（内釜含む）,,す
金属類・ガラス類・その他,スーツケース（金属製）,,す
金属類・ガラス類・その他,姿見（７０㎝以下）,,す
金属類・ガラス類・その他,スキー板（７０㎝以下）,,す
金属類・ガラス類・その他,スキーキャリア（金属以外）,,す
金属類・ガラス類・その他,スキーキャリア（金属製）,,す
金属類・ガラス類・その他,スキャナー,,す
金属類・ガラス類・その他,スケートボード,,す
金属類・ガラス類・その他,スコップ（金属製）,,す
金属類・ガラス類・その他,硯（すずり）,,す
金属類・ガラス類・その他,すだれ（竹製・プラスチック製・７０㎝超）,１辺７０㎝以下に裁断すれば、燃やせるごみ,す
金属類・ガラス類・その他,スタンドミラー（７０㎝以下）,,す
金属類・ガラス類・その他,ステレオセット（７０㎝以下）,,す
金属類・ガラス類・その他,ストーブ,,す
金属類・ガラス類・その他,ストーブガード,,す
金属類・ガラス類・その他,スノーダンプ（金属以外・７０㎝超）,,す
金属類・ガラス類・その他,スノーダンプ（金属製）,,す
金属類・ガラス類・その他,スノーボード（７０㎝以下）,,す
金属類・ガラス類・その他,すのこ（７０㎝超）,,す
金属類・ガラス類・その他,スピーカー（７０㎝以下）,,す
金属類・ガラス類・その他,スプーン（金属製）,,す
金属類・ガラス類・その他,ズボンプレッサー（７０㎝以下）,,す
金属類・ガラス類・その他,スリッパ立て（金属以外・７０㎝超）,,す
金属類・ガラス類・その他,スリッパ立て（金属製）,,す
金属類・ガラス類・その他,すり鉢,,す
金属類・ガラス類・その他,精米機（家庭用）,,せ
金属類・ガラス類・その他,石油ストーブ,油を抜いて電池を取る,せ
金属類・ガラス類・その他,石油タンク,油は抜く,せ
金属類・ガラス類・その他,石油ポンプ（電動式）,電池はとる,せ
金属類・ガラス類・その他,洗濯ばさみ（金属製）,,せ
金属類・ガラス類・その他,洗濯用ハンガー（金属製）,,せ
金属類・ガラス類・その他,栓抜き（金属以外）,,せ
金属類・ガラス類・その他,栓抜き（金属製）,,せ
金属類・ガラス類・その他,扇風機（７０㎝以下）,,せ
金属類・ガラス類・その他,洗面器（金属製）,,せ
金属類・ガラス類・その他,洗面化粧台（７０㎝以下）,増改築に伴うものは請け負った業者に処分してもらう,せ
金属類・ガラス類・その他,双眼鏡,,そ
金属類・ガラス類・その他,掃除機,,そ
金属類・ガラス類・その他,ソファー（７０㎝以下・スプリングあり）,,そ
金属類・ガラス類・その他,ソファーベッド（７０㎝以下・スプリングあり）,,そ
金属類・ガラス類・その他,体温計（水銀を含まない）,電池はとる,た
金属類・ガラス類・その他,体重計(家庭用）,,た
金属類・ガラス類・その他,耐火金庫,おおむね５５㎏以上のものは市では収集できません,た
金属類・ガラス類・その他,台車,,た
金属類・ガラス類・その他,タイヤチェーン（金属製）,,た
金属類・ガラス類・その他,タイヤホイール,,た
金属類・ガラス類・その他,高枝切りばざみ（金属以外）,,た
金属類・ガラス類・その他,高枝切りばさみ（金属製）,,た
金属類・ガラス類・その他,竹馬（金属製）,,た
金属類・ガラス類・その他,竹馬（竹・木製、７０㎝超）,,た
金属類・ガラス類・その他,竹ぼうき（７０㎝超）,,た
金属類・ガラス類・その他,たらい(金属製）,,た
金属類・ガラス類・その他,たる（７０㎝超）,,た
金属類・ガラス類・その他,たわし(金属製）,,た
金属類・ガラス類・その他,ダンベル（金属製）,,た
金属類・ガラス類・その他,チェーン（金属製）,,ち
金属類・ガラス類・その他,地球儀,,ち
金属類・ガラス類・その他,地上デジタルチューナー,,ち
金属類・ガラス類・その他,チャイルドシート,,ち
金属類・ガラス類・その他,茶碗,,ち
金属類・ガラス類・その他,チューナー,,ち
金属類・ガラス類・その他,調理台（７０㎝以下）,増改築に伴うものは請け負った業者に処分してもらう,ち
金属類・ガラス類・その他,ちりとり（金属製）,,ち
金属類・ガラス類・その他,ついたて（金属製）,,つ
金属類・ガラス類・その他,使い捨てカイロ,,つ
金属類・ガラス類・その他,机（金属製）,,つ
金属類・ガラス類・その他,漬けもの石（市販のもの）,,つ
金属類・ガラス類・その他,漬けもの桶,７０㎝以下なら燃やせるごみ,つ
金属類・ガラス類・その他,つぼ,,つ
金属類・ガラス類・その他,釣りざお,,つ
金属類・ガラス類・その他,つるはし,,つ
金属類・ガラス類・その他,DVDプレーヤー,,て
金属類・ガラス類・その他,ディスプレイ（パソコン以外）,,て
金属類・ガラス類・その他,テーブル（金属製）,,て
金属類・ガラス類・その他,テープレコーダー,,て
金属類・ガラス類・その他,手押し車,「不用品」と必ず表示,て
金属類・ガラス類・その他,手鏡,,て
金属類・ガラス類・その他,手提げ金庫,,て
金属類・ガラス類・その他,デジタルカメラ,電池はとる,て
金属類・ガラス類・その他,デジタル血圧計,電池はとる,て
金属類・ガラス類・その他,鉄アレイ,,て
金属類・ガラス類・その他,鉄板（バーベキュー用）,,て
金属類・ガラス類・その他,鉄棒（子ども用遊具）,,て
金属類・ガラス類・その他,テニスラケット,,て
金属類・ガラス類・その他,テレビゲーム,,て
金属類・ガラス類・その他,テレビ台（金属製）,,て
金属類・ガラス類・その他,電気アンカ,,て
金属類・ガラス類・その他,電気カーペット（７０㎝以下）,広げたときに７０㎝を超えているものは、有料粗大ごみ,て
金属類・ガラス類・その他,電気かみそり,,て
金属類・ガラス類・その他,電気コード,,て
金属類・ガラス類・その他,電気こたつ（７０㎝以下）,,て
金属類・ガラス類・その他,電気炊飯器（内釜含む）,,て
金属類・ガラス類・その他,電気スタンド（「金属以外、７０㎝超」以外）,,て
金属類・ガラス類・その他,電気ストーブ,,て
金属類・ガラス類・その他,電気のこぎり,,て
金属類・ガラス類・その他,電気ポット,,て
金属類・ガラス類・その他,電気毛布（７０㎝以下）,広げたときに７０㎝を超えているものは、有料粗大ごみ,て
金属類・ガラス類・その他,電球,,て
金属類・ガラス類・その他,電気ランタン,電池は取る,て
金属類・ガラス類・その他,電子辞書,,て
金属類・ガラス類・その他,電磁調理器,,て
金属類・ガラス類・その他,電子手帳,,て
金属類・ガラス類・その他,電子レンジ,,て
金属類・ガラス類・その他,天体望遠鏡,,て
金属類・ガラス類・その他,電卓,,て
金属類・ガラス類・その他,テント（レジャー用）,,て
金属類・ガラス類・その他,点灯管,,て
金属類・ガラス類・その他,電動かんな,,て
金属類・ガラス類・その他,電動自転車,「不用品」と必ず表示・バッテリーは、リサイクル協力店へ　,て
金属類・ガラス類・その他,電動ドリル,,て
金属類・ガラス類・その他,電動のこぎり,,て
金属類・ガラス類・その他,テントの支柱（レジャー用、金属製）,,て
金属類・ガラス類・その他,電話機,,て
金属類・ガラス類・その他,電話台,,て
金属類・ガラス類・その他,ドア（金属以外）,増改築に伴うものは請け負った業者に処分してもらう,と
金属類・ガラス類・その他,ドア（金属製）,増改築に伴うものは請け負った業者に処分してもらう,と
金属類・ガラス類・その他,砥石,,と
金属類・ガラス類・その他,陶器製食器（湯飲み・茶碗・皿など）,,と
金属類・ガラス類・その他,灯油缶（プラスチック製）,中身が残っているものは市で収集しませんので専門業者に処分を依頼してください,と
金属類・ガラス類・その他,灯油缶（金属製）,中身が残っているものは市で収集しませんので専門業者に処分を依頼してください,と
金属類・ガラス類・その他,トースター,,と
金属類・ガラス類・その他,時計（壁掛け・目覚まし・腕）,,と
金属類・ガラス類・その他,戸棚（金属製）,,と
金属類・ガラス類・その他,トタン板,,と
金属類・ガラス類・その他,ドライバー,全体の８０％以上金属のものは、埋立ごみの日の金属へ,と
金属類・ガラス類・その他,ドラム缶（あき缶）,,と
金属類・ガラス類・その他,トランク（金属製）,,と
金属類・ガラス類・その他,トランシーバー,,と
金属類・ガラス類・その他,トランポリン（子ども用遊具）,,と
金属類・ガラス類・その他,鳥かご（金属製）,,と
金属類・ガラス類・その他,塗料容器（金属製）,中身が残っているものは市で収集しませんので専門業者に処分を依頼してください,と
金属類・ガラス類・その他,トレーニング機器（金属以外・７０㎝以下）,プラスチック製、ゴム製のものは燃やせるごみ、電動のものは埋立ごみの日の金属へ,と
金属類・ガラス類・その他,トレーニング機器（金属製）,,と
金属類・ガラス類・その他,ドレッサー（７０㎝以下）,,と
金属類・ガラス類・その他,トロフィー,プラスチック製のものは、燃やせるごみ,と
金属類・ガラス類・その他,ナイフ,刃を紙で包み「危険」と表示して、他のごみと分ける,な
金属類・ガラス類・その他,流し台（７０㎝以下）,,な
金属類・ガラス類・その他,ながもち（７０㎝以下）,,な
金属類・ガラス類・その他,ナタ（鉈）,刃を紙で包み「危険」と表示して他のごみと分ける,な
金属類・ガラス類・その他,ナツメ球,,な
金属類・ガラス類・その他,鍋（金属製）,,な
金属類・ガラス類・その他,鍋（耐熱ガラス製）,,な
金属類・ガラス類・その他,生ごみ処理機(家庭用・電気式）,,な
金属類・ガラス類・その他,なまり（釣り用おもり）,,な
金属類・ガラス類・その他,波板（金属製）,,な
金属類・ガラス類・その他,荷造り用ひもバンド（７０㎝超）,７０㎝以下に裁断すれば、燃やせるごみ,に
金属類・ガラス類・その他,日本人形ケース,,に
金属類・ガラス類・その他,庭池,,に
金属類・ガラス類・その他,人形（ぬいぐるみ、７０㎝超）,,に
金属類・ガラス類・その他,人形ケース,,に
金属類・ガラス類・その他,ぬいぐるみ（７０㎝超）,,ぬ
金属類・ガラス類・その他,猫砂（粘土製）,,ね
金属類・ガラス類・その他,寝袋（７０㎝超）,,ね
金属類・ガラス類・その他,ねんど（学用品）,,ね
金属類・ガラス類・その他,農薬のびん（家庭菜園用）,中身が残っているものは市で収集できないので専門業者に処分を依頼,の
金属類・ガラス類・その他,のこぎり,,の
金属類・ガラス類・その他,ノブ（ドア）,,の
金属類・ガラス類・その他,のみ（鑿）,,の
金属類・ガラス類・その他,海苔の缶（２５㎝以上）,,の
金属類・ガラス類・その他,ハードディスクドライブ（ＨＤＤ）,,は
金属類・ガラス類・その他,バーベキューコンロ,,は
金属類・ガラス類・その他,バーベル,,は
金属類・ガラス類・その他,ハーモニカ,,は
金属類・ガラス類・その他,灰皿（ガラス製・陶器製）,,は
金属類・ガラス類・その他,パイプいす（金属製）,,は
金属類・ガラス類・その他,はかり（料理用）,,は
金属類・ガラス類・その他,剥製（はくせい）,,は
金属類・ガラス類・その他,白熱球,,は
金属類・ガラス類・その他,バケツ（金属製）,,は
金属類・ガラス類・その他,はさみ（金属以外）,,は
金属類・ガラス類・その他,はさみ（金属製）,,は
金属類・ガラス類・その他,はしご（金属製）,,は
金属類・ガラス類・その他,柱時計,,は
金属類・ガラス類・その他,バスケットゴール（金属製）,,は
金属類・ガラス類・その他,パソコン机（金属製）,,は
金属類・ガラス類・その他,パソコン用キーボード,,は
金属類・ガラス類・その他,パソコン用プリンター,,は
金属類・ガラス類・その他,パソコン用ラック（金属製）,,は
金属類・ガラス類・その他,パチンコ・スロット台（個人用）,,は
金属類・ガラス類・その他,バット（木製、７０㎝超）,,は
金属類・ガラス類・その他,バット（金属製）,,は
金属類・ガラス類・その他,花台（金属以外、７０㎝超）,,は
金属類・ガラス類・その他,花台（金属製）,,は
金属類・ガラス類・その他,パネルヒーター,,は
金属類・ガラス類・その他,歯ブラシ（電動）,電池はとる,は
金属類・ガラス類・その他,針,紙で包み「危険」と表示,は
金属類・ガラス類・その他,針金,,は
金属類・ガラス類・その他,ハロゲンストーブ,,は
金属類・ガラス類・その他,ハンガー（金属製）,,は
金属類・ガラス類・その他,ハンガースタンド（金属製）,,は
金属類・ガラス類・その他,飯ごう,,は
金属類・ガラス類・その他,パンツプレス（７０㎝以下）,,は
金属類・ガラス類・その他,ハンドヘルドゲーム,,は
金属類・ガラス類・その他,ハンマー（金属製）,,は
金属類・ガラス類・その他,ハンマー（木製、７０㎝超）,,は
金属類・ガラス類・その他,ＰＰバンド（７０㎝超）,７０㎝以下に裁断すれば、燃やせるごみ,ひ
金属類・ガラス類・その他,ビーチパラソル,,ひ
金属類・ガラス類・その他,ビー玉,,ひ
金属類・ガラス類・その他,ひげそり（手動式）,刃を紙で包み「危険」と表示して他のごみと分ける,ひ
金属類・ガラス類・その他,ひげそり（電気式）,電池はとる,ひ
金属類・ガラス類・その他,ＶＩＣＳ（ビックス）ユニット,,ひ
金属類・ガラス類・その他,ビデオカメラ,電池はとる,ひ
金属類・ガラス類・その他,ビデオデッキ,,ひ
金属類・ガラス類・その他,ビニールシート（家庭菜園用）,,ひ
金属類・ガラス類・その他,ビニールホース,,ひ
金属類・ガラス類・その他,ビニールロッカー（７０㎝以下）,,ひ
金属類・ガラス類・その他,火鉢,,ひ
金属類・ガラス類・その他,百円ライター,ガスを使い切って,ひ
金属類・ガラス類・その他,ファクシミリ,,ふ
金属類・ガラス類・その他,ファンシーケース（金属製）,,ふ
金属類・ガラス類・その他,ファンヒーター,油を抜いて電池を取る,ふ
金属類・ガラス類・その他,フォーク（金属製）,刃を紙で包み「危険」と表示して、他のごみと分ける,ふ
金属類・ガラス類・その他,フォトプリンター,,ふ
金属類・ガラス類・その他,仏壇（７０㎝以下）,,ふ
金属類・ガラス類・その他,筆箱（金属製）,,ふ
金属類・ガラス類・その他,ふとん乾燥機,,ふ
金属類・ガラス類・その他,ふとんたたき（金属製）,,ふ
金属類・ガラス類・その他,フライパン,,ふ
金属類・ガラス類・その他,ブラインド（金属以外）,１辺７０㎝以下に裁断すれば、燃やせるごみ,ふ
金属類・ガラス類・その他,ブラインド（金属製）,,ふ
金属類・ガラス類・その他,プラグ・ジャック,,ふ
金属類・ガラス類・その他,ぶらさがり健康器,全体の８０％以上金属のものは、埋立ごみの日の金属へ,ふ
金属類・ガラス類・その他,フラワースタンド（金属製）,,ふ
金属類・ガラス類・その他,ブランコ（金属製）,,ふ
金属類・ガラス類・その他,プリンター,,ふ
金属類・ガラス類・その他,ブルーレイディスクレコーダー/プレーヤー,,ふ
金属類・ガラス類・その他,プレーヤー,,ふ
金属類・ガラス類・その他,フロアスタンド（「金属以外、７０㎝超」以外）,,ふ
金属類・ガラス類・その他,風呂がま,増改築に伴うものは請け負った業者に処分してもらう,ふ
金属類・ガラス類・その他,プロジェクター,,ふ
金属類・ガラス類・その他,風呂のふた,７０㎝以下に切れば燃やせるごみ,ふ
金属類・ガラス類・その他,噴霧器（園芸用）,,ふ
金属類・ガラス類・その他,文鎮（金属以外）,,ふ
金属類・ガラス類・その他,文鎮（金属製）,,ふ
金属類・ガラス類・その他,ヘアードライヤー,,へ
金属類・ガラス類・その他,ヘアーブラシ（金属製）,,へ
金属類・ガラス類・その他,ベッド（金属製）,,へ
金属類・ガラス類・その他,ペット小屋（金属製）,,へ
金属類・ガラス類・その他,ヘッドホン,,へ
金属類・ガラス類・その他,ベビーカー（７０㎝以下）,,へ
金属類・ガラス類・その他,ベビーシート,,へ
金属類・ガラス類・その他,ベビーチェアー,,へ
金属類・ガラス類・その他,ベビーベッド（金属製）,,へ
金属類・ガラス類・その他,ベビーラック,,へ
金属類・ガラス類・その他,ベランダ収納庫（金属製）,,へ
金属類・ガラス類・その他,ヘルスメーター,,へ
金属類・ガラス類・その他,ベンチ（金属製）,,へ
金属類・ガラス類・その他,ベンチプレスマシン（金属以外、７０㎝以下）,,へ
金属類・ガラス類・その他,ベンチプレスマシン（金属製）,,へ
金属類・ガラス類・その他,ホイール（自動車用・アルミ・スチール製）,,ほ
金属類・ガラス類・その他,ボイラー,増改築に伴うものは請け負った業者に処分してもらう,ほ
金属類・ガラス類・その他,望遠鏡,,ほ
金属類・ガラス類・その他,ほうき（７０㎝超）,,ほ
金属類・ガラス類・その他,包丁（金属製）,刃を紙で包み「危険」と表示して、他のごみと分ける　,ほ
金属類・ガラス類・その他,包丁（セラミック製）,刃を紙で包み「危険」と表示して、他のごみと分ける　,ほ
金属類・ガラス類・その他,ボウリングのボール,,ほ
金属類・ガラス類・その他,ボウル（金属製）,,ほ
金属類・ガラス類・その他,ボウル（耐熱ガラス製）,,ほ
金属類・ガラス類・その他,ホース,,ほ
金属類・ガラス類・その他,ホースリール（金属製）,,ほ
金属類・ガラス類・その他,ポータブルコピー機,,ほ
金属類・ガラス類・その他,ホームベーカリー,,ほ
金属類・ガラス類・その他,ホームラック（金属製）,,ほ
金属類・ガラス類・その他,ホーロー鍋,,ほ
金属類・ガラス類・その他,木刀（７０㎝超）,,ほ
金属類・ガラス類・その他,歩行器（ベビー用）,,ほ
金属類・ガラス類・その他,ポット,,ほ
金属類・ガラス類・その他,ホットカーペット（７０㎝以下）,広げたときに７０㎝を超えているものは、有料粗大ごみ,ほ
金属類・ガラス類・その他,ホットプレート,,ほ
金属類・ガラス類・その他,ホッピング,全体の８０％以上金属のものは、埋立ごみの日の金属へ,ほ
金属類・ガラス類・その他,ほ乳びん,,ほ
金属類・ガラス類・その他,ポリタンク,中身を抜く,ほ
金属類・ガラス類・その他,ポリバケツ（７０㎝超）,,ほ
金属類・ガラス類・その他,ホワイトボード,,ほ
金属類・ガラス類・その他,本棚（金属製）,,ほ
金属類・ガラス類・その他,マイク,,ま
金属類・ガラス類・その他,マガジンラック（金属製）,,ま
金属類・ガラス類・その他,枕（７０㎝超）,,ま
金属類・ガラス類・その他,マッサージ機（いす型、７０㎝以下）,,ま
金属類・ガラス類・その他,マッサージ機（いす型以外）,,ま
金属類・ガラス類・その他,窓用換気扇（７０㎝以下）,,ま
金属類・ガラス類・その他,マルチシート（家庭菜園用・７０㎝超）,７０㎝以下に裁断すれば、燃やせるごみ,ま
金属類・ガラス類・その他,マレットゴルフスティック,,ま
金属類・ガラス類・その他,ミキサー,,み
金属類・ガラス類・その他,ミシン（「金属以外、７０㎝超」以外）,,み
金属類・ガラス類・その他,ミシン（卓上型）,,み
金属類・ガラス類・その他,ミニコンポ,,み
金属類・ガラス類・その他,虫めがね,レンズがプラスチック製のものは、燃やせるごみ,む
金属類・ガラス類・その他,むしろ（７０㎝超）,広げたときに７０㎝を超えているものは、埋立ごみ,む
金属類・ガラス類・その他,めがね,,め
金属類・ガラス類・その他,めがねケース（金属製）,,め
金属類・ガラス類・その他,メモリー類（ＳＤカード、ＵＳＢメモリなど）,,め
金属類・ガラス類・その他,面（野球・剣道用）,,め
金属類・ガラス類・その他,餅つき機,,も
金属類・ガラス類・その他,モップ,,も
金属類・ガラス類・その他,モデム,,も
金属類・ガラス類・その他,物置（小型）,,も
金属類・ガラス類・その他,物干し（室内用）,,も
金属類・ガラス類・その他,物干しざお（金属製）,,も
金属類・ガラス類・その他,物干し台（金属以外、７０㎝以下）,,も
金属類・ガラス類・その他,物干し台（金属製）,,も
金属類・ガラス類・その他,やかん（金属製）,,や
金属類・ガラス類・その他,薬品のびん,,や
金属類・ガラス類・その他,薬品容器（ガラス製）,,や
金属類・ガラス類・その他,薬品容器（金属製）,,や
金属類・ガラス類・その他,床暖房パネル,,ゆ
金属類・ガラス類・その他,湯たんぽ（金属製）,,ゆ
金属類・ガラス類・その他,湯飲み茶碗,,ゆ
金属類・ガラス類・その他,湯沸かし器,電池はとる,ゆ
金属類・ガラス類・その他,浴槽（金属以外、７０㎝以下）,,よ
金属類・ガラス類・その他,浴槽（金属製）,,よ
金属類・ガラス類・その他,よしず（７０㎝超）,,よ
金属類・ガラス類・その他,ライター,ガスを使い切って、専用のカゴに入れてください,ら
金属類・ガラス類・その他,ライティングデスク（金属製）,,ら
金属類・ガラス類・その他,ラケット,,ら
金属類・ガラス類・その他,ラジオ,,ら
金属類・ガラス類・その他,ラジカセ,,ら
金属類・ガラス類・その他,ラジコンカー,電池はとる,ら
金属類・ガラス類・その他,ランタン,油は抜く。電気ランタンは、埋立ごみの日の金属へ　,ら
金属類・ガラス類・その他,ランチジャー,,ら
金属類・ガラス類・その他,ランニングマシン（「金属以外、７０㎝超」以外）,,ら
金属類・ガラス類・その他,リール（釣り用）,,り
金属類・ガラス類・その他,リビングライト（「金属以外、７０㎝超」以外）,,り
金属類・ガラス類・その他,離乳食のびん,,り
金属類・ガラス類・その他,リモコン（電化製品用）,電池はとる,り
金属類・ガラス類・その他,料理用はかり,,り
金属類・ガラス類・その他,旅行かばん（金属製）,,り
金属類・ガラス類・その他,ルーフボックス（車両用、７０㎝以下）,,る
金属類・ガラス類・その他,ルームランナー（「金属以外、７０㎝超」以外）,,る
金属類・ガラス類・その他,冷風機,,れ
金属類・ガラス類・その他,冷風扇,,れ
金属類・ガラス類・その他,レーザーディスクプレイヤー,,れ
金属類・ガラス類・その他,レジャーテーブル（金属製）,,れ
金属類・ガラス類・その他,レンジ台（金属以外、７０㎝超）,,れ
金属類・ガラス類・その他,レンジ台（金属製）,,れ
金属類・ガラス類・その他,レンジフードファン,,れ
金属類・ガラス類・その他,ロープ（金属以外・７０㎝超）,１辺７０㎝以下に裁断すれば、燃やせるごみ,ろ
金属類・ガラス類・その他,ローラースケート,,ろ
金属類・ガラス類・その他,ローラーブレード,,ろ
金属類・ガラス類・その他,ロッカー（金属製）,,ろ
金属類・ガラス類・その他,ロッキングチェア（金属製）,,ろ
金属類・ガラス類・その他,ワープロ,「ワープロ」と表示,わ
金属類・ガラス類・その他,ワイヤーロープ,,わ
金属類・ガラス類・その他,ワゴン（金属以外、７０㎝以下）,,わ
金属類・ガラス類・その他,ワゴン（金属製）,,わ
金属類・ガラス類・その他,割れたガラス,紙で包み「危険」と表示,わ
金属類・ガラス類・その他,割れたコップ,紙で包み「危険」と表示,わ
資源プラ,アイスクリームのカップ容器(プラスチック）,紙製のものは燃やせるごみ,あ
資源プラ,アルミ缶,ひと洗いする・つぶさない・たばこの吸いがらなどを入れない,あ
資源プラ,いちごケース,,い
資源プラ,インスタント食品のプラスチック容器,,い
資源プラ,インスタントラーメンの袋,,い
資源プラ,植木鉢（苗木ポット）,,う
資源プラ,ウオッシャー液のプラスチックボトル,キャップを外す・中身を使いきってひと洗い,う
資源プラ,液体ワックスのプラスチックボトル,キャップを外す・中身を使いきってひと洗い,え
資源プラ,枝豆のネット,,え
資源プラ,王冠（金属製）,,お
資源プラ,王冠（プラスチック製）,,お
資源プラ,お菓子の缶（２５㎝未満）,,お
資源プラ,温度計（水銀を含む）,,お
資源プラ,菓子の袋,裏が銀色でも対象,か
資源プラ,菓子のプラスチック容器,,か
資源プラ,カセットボンベ,使い切ってから火気のない屋外で穴をあける,か
資源プラ,カップ麺の包装フィルム,,か
資源プラ,カップ麺の容器（プラスチック製）,,か
資源プラ,カレーのプラスチック容器,,か
資源プラ,缶（飲料缶・缶詰）,,か
資源プラ,缶（菓子缶・ミルク缶など、２５㎝未満）,,か
資源プラ,缶（酒缶・燗のできるもの）,,か
資源プラ,缶（スプレー缶）,使い切ってから火気のない屋外で穴をあける,か
資源プラ,乾電池,,か
資源プラ,キャップ（金属製）,,き
資源プラ,キャラメルの包装フィルム,,き
資源プラ,薬のシート,,く
資源プラ,口紅の容器（プラスチック製）,,く
資源プラ,蛍光灯(管）,,け
資源プラ,化粧品のプラスチックボトル,キャップを外す,け
資源プラ,化粧容器（プラスチック製）,,け
資源プラ,紅茶のプラスチック容器,,こ
資源プラ,米袋,紙製のものはダンボールと同じ扱い,こ
資源プラ,魚のトレイ,スーパーの店頭回収をご利用ください,さ
資源プラ,魚の包装フィルム,,さ
資源プラ,湿布剤のフィルム,,し
資源プラ,シャンプーのプラスチックボトル,キャップを外す,し
資源プラ,充電式電池,電池リサイクル協力店でも回収しています,し
資源プラ,食品のトレイ,スーパーの店頭回収をご利用ください,し
資源プラ,食用油のプラスチックボトル,キャップを外す　　,し
資源プラ,除湿機,「除湿機」と必ず表示,し
資源プラ,スーパーの袋（レジ袋）,,す
資源プラ,スチール缶,ひと洗いする・つぶさない・たばこの吸いがらなどを入れない,す
資源プラ,スプレー缶,使い切ってから火気のない屋外で穴をあける,す
資源プラ,洗剤のキャップ（プラスチック製）,,せ
資源プラ,惣菜のトレイ,スーパーの店頭回収をご利用ください,そ
資源プラ,惣菜のプラスチック容器,,そ
資源プラ,ソースのプラスチックボトル,キャップを外す,そ
資源プラ,体温計（水銀含む）,,た
資源プラ,卓上ボンベ(カセットコンロ用）,使い切ってから火気のない屋外で穴をあける,た
資源プラ,たばこの包装フィルム,,た
資源プラ,卵パック(プラスチック製）,,た
資源プラ,たまねぎのネット,,た
資源プラ,チューブのキャップ（プラスチック製）,,ち
資源プラ,トイレットペーパーの袋,,と
資源プラ,豆腐のプラスチック容器,,と
資源プラ,トレイ（食品用）,スーパーの店頭回収をご利用ください,と
資源プラ,トロ箱,,と
資源プラ,苗木ポット,,な
資源プラ,納豆の包装フィルム,,な
資源プラ,肉のトレイ,スーパーの店頭回収をご利用ください,に
資源プラ,肉の包装フィルム,,に
資源プラ,乳酸飲料のカップ容器,,に
資源プラ,入浴剤のフタ（プラスチック製）,,に
資源プラ,ノートの包装フィルム,,の
資源プラ,海苔の缶（２５㎝未満）,,の
資源プラ,海苔のプラスチック容器,,の
資源プラ,バッテリー（携帯電話、電気製品）,なるべく、販売店に引き取りを依頼してください,は
資源プラ,発泡スチロールの緩衝材,,は
資源プラ,発泡スチロールの箱,,は
資源プラ,発泡スチロールの容器,,は
資源プラ,発泡トレイ,スーパーの店頭回収をご利用ください,は
資源プラ,漂白剤のプラスチックボトル,キャップを外す,ひ
資源プラ,プラスチック容器,,ふ
資源プラ,プラスチック製容器・包装,,ふ
資源プラ,ペットボトル,キャップを外す,へ
資源プラ,ペットボトルのキャップ（金属製）,,へ
資源プラ,ペットボトルのキャップ（プラスチック製）,,へ
資源プラ,ペットボトルのラベル,,へ
資源プラ,包装用フィルム,,ほ
資源プラ,ボタン電池,電池リサイクル協力店でも回収しています,ほ
資源プラ,マーガリンのプラスチック容器,,ま
資源プラ,味噌のプラスチック容器,,み
資源プラ,薬品のプラスチックボトル,キャップを外す,や
資源プラ,薬品容器（プラスチック製）,,や
資源プラ,野菜のトレイ,スーパーの店頭回収をご利用ください,や
資源プラ,野菜の包装フィルム,,や
資源プラ,ヨーグルトのカップ容器,,よ
資源プラ,ヨーグルトの包装フィルム,,よ
資源プラ,リンスのプラスチックボトル,キャップを外す,り
資源プラ,冷水器,なるべく、販売店に引き取りを依頼してください。資源プラの日に出す場合はフロン回収製品・冷水器と表示,れ
資源プラ,レジ袋,,れ
燃やせるごみ,アイスノン,,あ
燃やせるごみ,アイスボックス（７０㎝以下）,,あ
燃やせるごみ,アイロン台（７０㎝以下）,,あ
燃やせるごみ,足こぎ四輪車（幼児用）（「金属製または電動製」以外）,,あ
燃やせるごみ,足ふきマット（繊維製・ゴム製、７０㎝以下）,広げたときに７０㎝を超えているものは、有料粗大ごみ,あ
燃やせるごみ,アルバム,金具類はなるべく外してあき缶以外の金属に出す,あ
燃やせるごみ,アルミ箔,,あ
燃やせるごみ,アルミ箔の芯（紙製等）,,あ
燃やせるごみ,安全ピン（金属以外）,,あ
燃やせるごみ,衣装掛け（金属以外、７０㎝以下）,,い
燃やせるごみ,衣装ケース（金属以外、７０㎝以下）,,い
燃やせるごみ,いす（金属以外、７０㎝以下）,,い
燃やせるごみ,板きれ（７０㎝まで）*太さ１０ｃｍ程度まで,ひもでしばって束ねて１回３束程度を目安に・多い場合は有料戸別収集で,い
燃やせるごみ,衣類,,い
燃やせるごみ,インクカートリッジ,なるべく販売店にひき取ってもらってください,い
燃やせるごみ,インクリボン,なるべく販売店にひき取ってもらってください,い
燃やせるごみ,植木台（金属以外・７０㎝以下）,,う
燃やせるごみ,植木鉢（プラスチック製）,,う
燃やせるごみ,浮き輪（７０㎝以下）,空気を抜いて,う
燃やせるごみ,ウッドカーペット（７０㎝以下）,広げたときに７０㎝を超えているものは、有料粗大ごみ,う
燃やせるごみ,枝きれ（太さ10㎝程度、長さ７０㎝まで）,ひもでしばって束ねて１回３束程度を目安に・多い場合は有料戸別収集で,え
燃やせるごみ,縁台（金属以外・７０㎝以下）,,え
燃やせるごみ,鉛筆削り（電動製以外）,,え
燃やせるごみ,桶（金属以外・７０㎝以下）,,お
燃やせるごみ,押し入れだんす（７０㎝以下）,,お
燃やせるごみ,落ち葉,１回３袋程度を目安に・多い場合は有料戸別収集で,お
燃やせるごみ,おまる(幼児用）,汚物はトイレに捨てる,お
燃やせるごみ,おむつ,汚物はトイレに捨てる,お
燃やせるごみ,おもちゃ（「金属製または電動製」以外のもの）,,お
燃やせるごみ,折りたたみいす（金属以外、７０㎝以下）,,お
燃やせるごみ,折りたたみテーブル（金属以外、７０㎝以下）,ガラス製のものは、埋立ごみ,お
燃やせるごみ,カーテン（７０㎝以下）,広げたときに７０㎝を超えているものは、埋立ごみ,か
燃やせるごみ,カーテンレール（金属以外、７０㎝以下）,,か
燃やせるごみ,カーペット（７０㎝以下）,広げたときに７０㎝を超えているものは、有料粗大ごみ,か
燃やせるごみ,カーボン紙,,か
燃やせるごみ,貝殻（食べ残し）,,か
燃やせるごみ,回転ハンガー（金属以外、７０㎝以下）,,か
燃やせるごみ,学習机（金属以外、７０㎝以下）,,か
燃やせるごみ,傘立て(プラスチック製）,,か
燃やせるごみ,傘の布・ビニール,,か
燃やせるごみ,菓子箱,できるだけ、各校下・地区の集団回収をご利用ください,か
燃やせるごみ,カセットテープ,,か
燃やせるごみ,カセットテープのケース,,か
燃やせるごみ,カップ麺の容器（紙製）,,か
燃やせるごみ,かつら,,か
燃やせるごみ,かばん（アタッシュケース）（金属以外）,,か
燃やせるごみ,かばん（革製）,,か
燃やせるごみ,かばん（ナイロン製・ビニル製）,塩化ビニル製のものは埋立ごみへ,か
燃やせるごみ,かばん（ランドセル）,,か
燃やせるごみ,紙おむつ,汚物はトイレに捨てる,か
燃やせるごみ,紙くず,,か
燃やせるごみ,神棚（７０㎝以下）,,か
燃やせるごみ,紙パック（裏がアルミ処理してあるもの）,,か
燃やせるごみ,紙パック（裏がアルミ処理してないもの）,各校下・地区の集団回収をご利用ください（水で洗って切り開き乾かす）,か
燃やせるごみ,カメラケース,,か
燃やせるごみ,カラーボックス（７０㎝以下）,,か
燃やせるごみ,革靴,,か
燃やせるごみ,皮むき器（プラスチック製）,,か
燃やせるごみ,簡易トイレ,汚物はトイレに捨てる,か
燃やせるごみ,換気扇カバー,,か
燃やせるごみ,乾燥剤,,か
燃やせるごみ,感熱紙,,か
燃やせるごみ,ギター（７０㎝以下）,,き
燃やせるごみ,ギターケース（７０㎝以下）,,き
燃やせるごみ,キッチンマット（繊維製・ゴム製、７０㎝以下）,広げたときに７０㎝を超えているものは、有料粗大ごみ,き
燃やせるごみ,牛乳パック,各校下・地区の集団回収をご利用ください（水で洗って切り開き乾かす）,き
燃やせるごみ,空気入れ（金属以外）,,く
燃やせるごみ,クーラーボックス（７０㎝以下）,,く
燃やせるごみ,草ごみ,どろをはらって乾燥させる,く
燃やせるごみ,鎖（金属以外）,,く
燃やせるごみ,串(木製）,先を折って危なくないように,く
燃やせるごみ,くつ（ズック、革靴、革ブーツ、サンダル）,,く
燃やせるごみ,くつのスパイク（金属以外）,,く
燃やせるごみ,くつ下,,く
燃やせるごみ,クッション（７０㎝以下）,,く
燃やせるごみ,グラタン皿（アルミ製）,,く
燃やせるごみ,車(幼児用）（「金属製または電動製」以外・７０㎝以下),,く
燃やせるごみ,グローブ（野球用など）,,く
燃やせるごみ,ゲームソフト,カセットタイプのものは、埋立ごみの日の金属,け
燃やせるごみ,げた箱（金属以外、７０㎝以下）,増改築に伴うものは請け負った業者に処分してもらう,け
燃やせるごみ,ケチャップのチューブ,キャップは資源プラ（容プラ）,け
燃やせるごみ,玄関マット（繊維製・ゴム製、７０㎝以下）,広げたときに７０㎝を超えているものは、有料粗大ごみ,け
燃やせるごみ,剣道用具（こて）,,け
燃やせるごみ,剣道用具（竹刀、７０㎝以下）,,け
燃やせるごみ,剣道用具（胴）,,け
燃やせるごみ,工作用のりのチューブ,キャップを外す,こ
燃やせるごみ,ゴーグル,,こ
燃やせるごみ,コートハンガー（金属以外、７０㎝以下）,,こ
燃やせるごみ,氷枕（ゴム製）,,こ
燃やせるごみ,ござ（７０㎝以下）,広げたときに７０㎝を超えているものは、有料粗大ごみ,こ
燃やせるごみ,コップ（プラスチック製）,,こ
燃やせるごみ,碁盤（厚さ１０㎝未満）,,こ
燃やせるごみ,ごみ箱(金属以外）,,こ
燃やせるごみ,ゴム手袋,,こ
燃やせるごみ,ゴム長靴,,こ
燃やせるごみ,ゴムホース（７０㎝以下）,伸ばしたときに７０㎝を超えているものは、埋立ごみ,こ
燃やせるごみ,米びつ（金属以外、７０㎝以下）,,こ
燃やせるごみ,コルクボード（７０㎝以下）,,こ
燃やせるごみ,ゴルフシューズ,,こ
燃やせるごみ,コンポスト容器（７０㎝以下）,,こ
燃やせるごみ,サーフボード（７０㎝以下）,,さ
燃やせるごみ,裁縫箱（金属以外）,,さ
燃やせるごみ,サインペン,,さ
燃やせるごみ,さしこ（竹製鳥かご、７０㎝以下）,,さ
燃やせるごみ,座卓（７０㎝以下）,,さ
燃やせるごみ,雑誌,各校下・地区の集団回収をご利用ください,さ
燃やせるごみ,座ぶとん（７０㎝以下）,,さ
燃やせるごみ,ザル（プラスチック製）,,さ
燃やせるごみ,三角コーナー（金属以外）,,さ
燃やせるごみ,サンダル,,さ
燃やせるごみ,ＣＤ,,し
燃やせるごみ,ＣＤのケース,,し
燃やせるごみ,シーツ（７０㎝以下）,,し
燃やせるごみ,地下足袋,,し
燃やせるごみ,下敷き,,し
燃やせるごみ,漆器製食器（お椀など）,,し
燃やせるごみ,湿布剤,,し
燃やせるごみ,自動車カバー（７０㎝以下）,,し
燃やせるごみ,竹刀（７０㎝以下）,,し
燃やせるごみ,写真,,し
燃やせるごみ,しゃもじ（木製）,,し
燃やせるごみ,しゃもじ（プラスチック製）,,し
燃やせるごみ,車両用ルーフボックス（７０㎝以下）,,し
燃やせるごみ,シューズ,,し
燃やせるごみ,シューズボックス（金属以外、７０㎝以下）,増改築に伴うものは請け負った業者に処分してもらう,し
燃やせるごみ,じゅうたん（７０㎝以下）,広げたときに７０㎝を超えているものは、有料粗大ごみ,し
燃やせるごみ,収納ケース・箱・ボックス（金属以外、７０㎝以下）,,し
燃やせるごみ,収納棚（金属以外、７０㎝以下）,扉や戸がガラスのものは、埋立ごみへ,し
燃やせるごみ,定規,,し
燃やせるごみ,将棋駒,,し
燃やせるごみ,将棋盤（厚さ１0㎝未満）,,し
燃やせるごみ,障子（金属以外、７０㎝以下）,増改築に伴うものは請け負った業者に処分してもらう,し
燃やせるごみ,照明器具のかさ（「金属製」以外）,,し
燃やせるごみ,じょうろ(金属以外）,,し
燃やせるごみ,除湿剤,,し
燃やせるごみ,書棚（金属以外、７０㎝以下）,,し
燃やせるごみ,食器（「金属製」以外）,,し
燃やせるごみ,ショッピングかご(プラスチック製）,,し
燃やせるごみ,人工肛門パック,汚物はトイレに捨てる,し
燃やせるごみ,人工芝（７０㎝以下）,,し
燃やせるごみ,新聞,各校下・地区の集団回収をご利用ください,し
燃やせるごみ,吸い殻（たばこ）,火を完全に消してから,す
燃やせるごみ,水筒（金属以外）,,す
燃やせるごみ,スーツケース（金属以外、７０㎝以下）,,す
燃やせるごみ,スキーウェア,,す
燃やせるごみ,スコップ（金属以外）,７０㎝超のものは埋立ごみ,す
燃やせるごみ,すだれ（竹製・プラスチック製・７０㎝以下）,,す
燃やせるごみ,ズック,,す
燃やせるごみ,砂（ペット用）,袋に可燃と記載されているものにかぎる、それ以外は埋立ごみ,す
燃やせるごみ,スノーダンプ（金属以外・７０㎝以下）,,す
燃やせるごみ,すのこ（７０㎝以下）,,す
燃やせるごみ,スプーン（プラスチック製）,,す
燃やせるごみ,すべり台（７０㎝以下）,,す
燃やせるごみ,スポンジ,,す
燃やせるごみ,スリッパ,,す
燃やせるごみ,スリッパ立て（金属以外・７０㎝以下）,,す
燃やせるごみ,生理用品,,せ
燃やせるごみ,石油ポンプ（手動式）,,せ
燃やせるごみ,洗車ブラシ,,せ
燃やせるごみ,洗濯ばさみ（金属以外）,,せ
燃やせるごみ,洗濯用ハンガー（金属以外）,,せ
燃やせるごみ,洗面器（プラスチック製）,,せ
燃やせるごみ,ソファー（７０㎝以下・スプリングなし）,,そ
燃やせるごみ,ソファーベッド（７０㎝以下・スプリングなし）,,そ
燃やせるごみ,そり,,そ
燃やせるごみ,そろばん,,そ
燃やせるごみ,タイヤゴムチューブ(自転車用）,,た
燃やせるごみ,タイヤチェーン（金属以外）,,た
燃やせるごみ,タオル,,た
燃やせるごみ,タオルケット（７０㎝以下）,広げたときに７０㎝を超えているものは、有料粗大ごみ,た
燃やせるごみ,竹串,先を折って危なくないように,た
燃やせるごみ,竹馬（竹・木製、７０㎝以下）,,た
燃やせるごみ,竹ぼうき（７０㎝以下）,,た
燃やせるごみ,畳（７０㎝以下）,増改築に伴うものは請け負った業者に処分してもらう,た
燃やせるごみ,卓球台（７０㎝以下）,,た
燃やせるごみ,脱酸素剤,,た
燃やせるごみ,タッパ,,た
燃やせるごみ,たばこの吸いがら,火を完全に消してから,た
燃やせるごみ,卵パック(紙）,,た
燃やせるごみ,たらい(金属以外）,,た
燃やせるごみ,たる（７０ｎ㎝以下）,,た
燃やせるごみ,たわし(金属以外）,,た
燃やせるごみ,たんす（７０㎝以下）,,た
燃やせるごみ,ダンベル（金属以外）,,た
燃やせるごみ,ダンボール,各校下・地区の集団回収をご利用ください（ガムテープ、止め金具を取り除く）,た
燃やせるごみ,チェーン（金属以外）,,ち
燃やせるごみ,チェスト（７０㎝以下）,,ち
燃やせるごみ,茶だんす（７０㎝以下）,,ち
燃やせるごみ,チューブ（自転車用）,,ち
燃やせるごみ,チョーク,,ち
燃やせるごみ,チラシ,各校下・地区の集団回収をご利用ください,ち
燃やせるごみ,ちりとり（金属以外）,,ち
燃やせるごみ,ついたて（金属以外、７０㎝以下）,,つ
燃やせるごみ,机（金属以外、７０㎝以下）,,つ
燃やせるごみ,DVD（ソフト）,,て
燃やせるごみ,ティッシュくず,,て
燃やせるごみ,テーブル（金属以外、７０㎝以下）,,て
燃やせるごみ,デスクマット（７０㎝以下）,広げたときに７０㎝を超えているものは、有料粗大ごみ,て
燃やせるごみ,手袋（ゴム手袋含む）,,て
燃やせるごみ,テレビ台（金属以外、７０㎝以下）,扉や戸がガラスのものは、埋立ごみへ,て
燃やせるごみ,点滴用パック（在宅治療用）,,て
燃やせるごみ,天ぷら油,紙や布にしみこませて,て
燃やせるごみ,胴（剣道用具）,,と
燃やせるごみ,戸棚（金属以外、７０㎝以下）,扉や戸がガラスのものは、埋立ごみへ,と
燃やせるごみ,トランク（金属以外、７０㎝以下）,,と
燃やせるごみ,鳥かご（金属以外),,と
燃やせるごみ,塗料容器（プラスチック製）,中身が残っているものは市で収集しませんので専門業者に処分を依頼してください,と
燃やせるごみ,鍋焼きうどんの容器（アルミ製）,,な
燃やせるごみ,生ごみ,水切りを十分にして,な
燃やせるごみ,波板（金属以外、７０㎝以下）,広げたときに７０㎝を超えているものは、有料粗大ごみ,な
燃やせるごみ,荷造り用ひもバンド（７０㎝以下）,,に
燃やせるごみ,人形（ぬいぐるみ、７０㎝以下）,,に
燃やせるごみ,人形（プラスチック製）,,に
燃やせるごみ,ぬいぐるみ（７０㎝まで）,,ぬ
燃やせるごみ,布くず,,ぬ
燃やせるごみ,ネクタイ,,ね
燃やせるごみ,猫砂（紙・木・プラスチック製）,,ね
燃やせるごみ,寝袋（７０㎝以下）,,ね
燃やせるごみ,練りわさびのチューブ,キャップは資源プラ（容プラ）,ね
燃やせるごみ,ノンカーボン紙,,の
燃やせるごみ,パイプいす（金属以外、７０㎝以下）,,は
燃やせるごみ,廃油処理箱,,は
燃やせるごみ,バインダー,金具類はなるべく外して埋立ごみの日の金属に出す,は
燃やせるごみ,はきもの,スキー靴は埋立ごみ,は
燃やせるごみ,バケツ（プラスチック製）,,は
燃やせるごみ,はしご（金属以外、７０㎝以下）,,は
燃やせるごみ,バスケットゴール（金属以外、７０㎝以下）,,は
燃やせるごみ,バスマット（７０㎝以下）,広げたときに７０㎝を超えているものは、有料粗大ごみ,は
燃やせるごみ,パソコン机（金属以外、７０㎝以下）,,は
燃やせるごみ,パソコン用ラック（金属以外、７０㎝以下）,,は
燃やせるごみ,バット（木製、７０㎝以下）,,は
燃やせるごみ,花台（金属以外、７０㎝以下）,,は
燃やせるごみ,花火,水で湿らせる,は
燃やせるごみ,歯ブラシ（プラスチック製）,,は
燃やせるごみ,歯磨き粉のチューブ,キャップは資源プラ（容プラ）,は
燃やせるごみ,ハンガー（プラスチック製・木製）,,は
燃やせるごみ,ハンガースタンド（金属以外、７０㎝以下）,,は
燃やせるごみ,ハンカチ,,は
燃やせるごみ,ハンドバッグ（革製）,,は
燃やせるごみ,パンフレット,各校下・地区の集団回収をご利用ください,は
燃やせるごみ,ハンマー（ゴム製）,,は
燃やせるごみ,ハンマー（木製、７０㎝以下）,,は
燃やせるごみ,ＰＰバンド（７０㎝以下）,,ひ
燃やせるごみ,ピアニカ,,ひ
燃やせるごみ,ビーズ,,ひ
燃やせるごみ,ビデオテープ,,ひ
燃やせるごみ,肥料袋,,ひ
燃やせるごみ,屏風（７０㎝以下）,,ひ
燃やせるごみ,ファンシーケース（金属以外、７０㎝以下）,,ふ
燃やせるごみ,フィルムのネガ,,ふ
燃やせるごみ,ブーツ（革製）,,ふ
燃やせるごみ,封筒,各校下・地区の集団回収をご利用ください（窓付き封筒はセロファンを取り除く）,ふ
燃やせるごみ,フォーク（プラスチック製）,,ふ
燃やせるごみ,腹膜透析パック,汚物はトイレに捨てる,ふ
燃やせるごみ,ふすま（７０㎝以下）,増改築に伴うものは請け負った業者に処分してもらう,ふ
燃やせるごみ,筆箱（金属以外）,,ふ
燃やせるごみ,ふとん（７０㎝以下）,広げたときに７０㎝を超えているものは、有料粗大ごみ,ふ
燃やせるごみ,ふとん圧縮袋,,ふ
燃やせるごみ,ふとんたたき（金属以外）,,ふ
燃やせるごみ,フラワースタンド（金属以外）,,ふ
燃やせるごみ,ブランコ（金属以外、７０㎝以下）,,ふ
燃やせるごみ,プランター,７０㎝超のものは埋立ごみ,ふ
燃やせるごみ,古着（綿製品）,各校下・地区の集団回収をご利用ください（洗って、たたんで束ねる）,ふ
燃やせるごみ,風呂椅子,,ふ
燃やせるごみ,フロッピーディスク,,ふ
燃やせるごみ,風呂マット（７０㎝以下）,広げたときに７０㎝を超えているものは、有料粗大ごみ,ふ
燃やせるごみ,ヘアーカーラー,,へ
燃やせるごみ,ヘアーブラシ（金属以外）,,へ
燃やせるごみ,ベッド（金属以外、７０㎝以下）,,へ
燃やせるごみ,ペット小屋（金属以外、７０㎝以下）,,へ
燃やせるごみ,ペットシーツ,汚物はトイレに捨てる,へ
燃やせるごみ,ペットのフン,汚物はトイレに捨てる,へ
燃やせるごみ,ベッドマット（７０㎝以下）,スプリングが入っているものは、埋立ごみ,へ
燃やせるごみ,ベッドマットレス（７０㎝以下）,スプリングが入っているものは、埋立ごみ,へ
燃やせるごみ,ベニヤ板（７０㎝以下）,,へ
燃やせるごみ,ベビーバス（７０㎝以下）,,へ
燃やせるごみ,ベビーベッド（金属以外、７０㎝以下）,,へ
燃やせるごみ,ベビー用カタカタ,,へ
燃やせるごみ,ベランダ収納庫（金属以外、７０㎝以下）,,へ
燃やせるごみ,ベルト,金属部分は取り外し、埋立ごみの日の金属へ,へ
燃やせるごみ,ヘルメット,,へ
燃やせるごみ,便座,温水洗浄機付便座は埋立ごみの日の金属へ,へ
燃やせるごみ,ベンチ（金属以外、７０㎝以下）,,へ
燃やせるごみ,ほうき（７０㎝以下）,,ほ
燃やせるごみ,ボウル（金属以外）,,ほ
燃やせるごみ,ホースリール（金属以外）,,ほ
燃やせるごみ,ポータブルトイレ,汚物はトイレに捨てる,ほ
燃やせるごみ,ホームラック（金属以外、７０㎝以下）,扉や戸がガラスのものは、埋立ごみへ,ほ
燃やせるごみ,ボール（ゴルフ・野球・サッカー・テニスなど）,,ほ
燃やせるごみ,ボールペン,,ほ
燃やせるごみ,木刀（７０㎝以下）,,ほ
燃やせるごみ,ボディーボード（７０㎝以下）,,ほ
燃やせるごみ,ポリバケツ（７０㎝以下）,,ほ
燃やせるごみ,保冷剤,,ほ
燃やせるごみ,本棚（金属以外、７０㎝以下）,扉や戸がガラスのものは、埋立ごみへ,ほ
燃やせるごみ,マージャンパイ,,ま
燃やせるごみ,マガジンラック（金属以外、７０㎝以下）,,ま
燃やせるごみ,枕（７０㎝以下）,,ま
燃やせるごみ,マット（繊維製・ゴム製、７０㎝以下）,広げたときに７０㎝を超えているものは、有料粗大ごみ,ま
燃やせるごみ,マットレス（７０㎝以下）,スプリングが入っているものは、埋立ごみ,ま
燃やせるごみ,まな板,,ま
燃やせるごみ,マフラー,,ま
燃やせるごみ,マヨネーズのチューブ,キャップは資源プラ（容プラ）,ま
燃やせるごみ,マルチシート（家庭菜園用・７０㎝以下）,,ま
燃やせるごみ,密封容器,,み
燃やせるごみ,虫かご,,む
燃やせるごみ,むしろ（７０㎝以下）,広げたときに７０㎝を超えているものは、埋立ごみ,む
燃やせるごみ,めがねケース（金属以外）,,め
燃やせるごみ,毛布（７０㎝以下）,広げたときに７０㎝を超えているものは、有料粗大ごみ,も
燃やせるごみ,物干しざお（金属以外、７０㎝以下）,,も
燃やせるごみ,焼き鳥の串,先を折って危なくないように,や
燃やせるごみ,湯たんぽ（金属以外）,,ゆ
燃やせるごみ,ゆりかご,,ゆ
燃やせるごみ,洋だんす（７０㎝以下）,,よ
燃やせるごみ,よしず（７０㎝以下）,,よ
燃やせるごみ,ライティングデスク（金属以外、７０㎝以下）,,ら
燃やせるごみ,ラップの芯,,ら
燃やせるごみ,ランドセル,,ら
燃やせるごみ,リビングボード（７０㎝以下）,扉や戸がガラスのものは、埋立ごみへ,り
燃やせるごみ,旅行かばん（金属以外、７０㎝以下）,,り
燃やせるごみ,レーザーディスク（ソフト）,,れ
燃やせるごみ,レコード,,れ
燃やせるごみ,レジャーテーブル（金属以外、７０㎝以下）,,れ
燃やせるごみ,レンジ台（金属以外、７０㎝以下）,,れ
燃やせるごみ,ロープ（金属以外・７０㎝以下）,,ろ
燃やせるごみ,ローボード（７０㎝以下）,扉や戸がガラスのものは、埋立ごみへ,ろ
燃やせるごみ,ロッカー（金属以外、７０㎝以下）,,ろ
燃やせるごみ,ロッキングチェア（金属以外、７０㎝以下）,,ろ
燃やせるごみ,和だんす（７０㎝以下）,,わ
空きびん・空き缶,一升びん,酒屋さんなどへ返しましょう・キャップを外してひと洗い,い
空きびん・空き缶,ウィスキーのびん,キャップを外してひと洗い・割れたものも回収します,う
空きびん・空き缶,カップ酒のびん,キャップを外してひと洗い,か
空きびん・空き缶,サラダ油のびん,キャップを外してひと洗い,さ
空きびん・空き缶,ジュースのびん,キャップを外してひと洗い,し
空きびん・空き缶,ドリンク剤のびん,キャップを外してひと洗い,と
空きびん・空き缶,ハチミツのびん,キャップを外してひと洗い,は
空きびん・空き缶,ビールびん,酒屋さんなどへ返しましょう,ひ
